BEGIN TRANSACTION;
CREATE TABLE "users" ("id" integer not null primary key autoincrement, "name" varchar not null, "email" varchar not null, "password" varchar not null, "remember_token" varchar null, "created_at" datetime not null, "updated_at" datetime not null);
INSERT INTO `users` VALUES (1,'Ngoc Anh Duong','info.laravelviet@gmail.com','$2y$10$pb9yO.7xyeNphk/6/XNRG.Mn9pGpLyTUbPC/EJPng69Lotrl.QRii','mxaHuWemkb2f0dAFTEmb6c0daxLrNf3yRYOmXzG1YrE1X0xgq4h28DqfTh3J','2015-08-24 20:07:48','2015-08-24 20:59:00');
CREATE TABLE "posts" ("id" integer not null primary key autoincrement, "title" varchar not null, "user_id" integer not null default '0', "slug" varchar not null, "image" varchar null, "body" text not null, "created_at" datetime not null, "updated_at" datetime not null, "description" text null);
INSERT INTO `posts` VALUES (2,'Thử 1 phát xem',1,'yqyuss-thu-1-phat-xem','posts/images/1440452405-thu-1-phat-xem.JPG','<p>Lorem ipsum dolor sit amet, consectetur adipiscing elit. In bibendum sed dui a hendrerit. Nullam euismod convallis purus a dictum. Integer fermentum elit sem, non aliquam ipsum tincidunt sit amet. Donec eu egestas erat, ac porttitor sem. Curabitur molestie eros purus. Sed sit amet elementum lacus. Aliquam dui leo, cursus posuere tincidunt quis, pharetra non eros. Donec erat felis, elementum sed ex eu, mollis sollicitudin mauris. Mauris tincidunt orci sit amet ultrices tincidunt. Maecenas purus sapien, sagittis at velit et, molestie cursus lacus. Duis mauris dui, gravida ut est eget, pretium porta nulla. Suspendisse ut risus porttitor arcu sollicitudin molestie a nec massa. Morbi laoreet a velit at pretium. Pellentesque dictum suscipit enim et fermentum. Nam sed velit placerat, fringilla ex vitae, accumsan magna. Praesent ac magna maximus, fermentum dui vel, consequat felis. In faucibus ligula et ipsum pretium, sed vestibulum orci consequat. Etiam hendrerit, elit ut suscipit consequat, tortor augue eleifend velit, eu sagittis augue sem at massa. Nam eget convallis urna. Vestibulum congue feugiat sem, a facilisis metus dictum a. Duis et tellus blandit quam condimentum sagittis. Integer non ornare felis, eget convallis velit. Aenean laoreet a quam ut dignissim. Cras suscipit iaculis pharetra. Cras id neque ut enim elementum condimentum. Integer maximus mauris quis magna tincidunt, vel tristique mauris laoreet. Cras vehicula, sem ut tincidunt aliquet, nisl tellus sollicitudin felis, vel vehicula magna lacus eget ipsum. Suspendisse nunc ante, consectetur volutpat dapibus quis, auctor dapibus nunc. Etiam gravida blandit facilisis. Ut vehicula tincidunt commodo. Sed fringilla nulla at blandit sodales. Nam in tristique mi. Ut est mi, porttitor non nisi non, dapibus egestas ante. Sed interdum ipsum ac mi tempor, ut sagittis lectus placerat. Phasellus viverra finibus diam, id semper velit facilisis vel. Mauris in lacus orci. Nam vehicula diam leo, eu interdum libero luctus et. Sed purus risus, consequat a blandit a, dapibus eu felis. Morbi risus enim, pellentesque id tellus eget, finibus placerat felis. Aenean fermentum vel sem quis sodales. Suspendisse potenti. Proin non pharetra erat. Aliquam commodo nulla vehicula porttitor tempor. Pellentesque quis ipsum at lorem placerat efficitur. Lorem ipsum dolor sit amet, consectetur adipiscing elit. Aenean aliquam vel magna et varius. Nullam sed nisl lectus. Fusce et risus nec purus pulvinar efficitur. Nunc a odio dolor. Cras sodales massa aliquam, facilisis purus sed, lacinia dolor. Etiam dictum vulputate fringilla. Proin tempus ipsum lacinia elit fringilla porttitor. Vestibulum a purus sed tortor semper aliquet. Nunc eget varius magna, non commodo dolor. Praesent consectetur dapibus dui vitae dapibus. Nulla ex justo, mollis quis pulvinar sed, finibus gravida lacus. Sed tempor nulla ut mollis facilisis. Suspendisse potenti. Quisque ante nulla, tristique vel convallis quis, gravida eget ipsum. Nulla aliquam felis vitae mauris volutpat faucibus.</p>
','2015-08-24 21:40:05','2015-08-25 16:32:07','Lorem ipsum dolor sit amet, consectetur adipiscing elit. In bibendum sed dui a hendrerit. Nullam euismod convallis purus a dictum. Integer fermentum elit sem, non aliquam ipsum tincidunt sit amet. Donec eu egestas erat, ac porttitor sem. Curabitur molestie eros purus. Sed sit amet elementum lacus. Aliquam dui leo, cursus posuere tincidunt quis, pharetra non eros. Donec erat felis, elementum sed ex...');
INSERT INTO `posts` VALUES (5,'Điểm mạnh - CPD Group',1,'kbkkt0-diem-manh-cpd-group','posts/images/1440452871-diem-manh-cpd-group.jpg','<p>Lorem ipsum dolor sit amet, consectetur adipiscing elit. In bibendum sed dui a hendrerit. Nullam euismod convallis purus a dictum. Integer fermentum elit sem, non aliquam ipsum tincidunt sit amet. Donec eu egestas erat, ac porttitor sem. Curabitur molestie eros purus. Sed sit amet elementum lacus. Aliquam dui leo, cursus posuere tincidunt quis, pharetra non eros. Donec erat felis, elementum sed ex eu, mollis sollicitudin mauris. Mauris tincidunt orci sit amet ultrices tincidunt. Maecenas purus sapien, sagittis at velit et, molestie cursus lacus. Duis mauris dui, gravida ut est eget, pretium porta nulla. Suspendisse ut risus porttitor arcu sollicitudin molestie a nec massa. Morbi laoreet a velit at pretium. Pellentesque dictum suscipit enim et fermentum. Nam sed velit placerat, fringilla ex vitae, accumsan magna. Praesent ac magna maximus, fermentum dui vel, consequat felis. In faucibus ligula et ipsum pretium, sed vestibulum orci consequat. Etiam hendrerit, elit ut suscipit consequat, tortor augue eleifend velit, eu sagittis augue sem at massa. Nam eget convallis urna. Vestibulum congue feugiat sem, a facilisis metus dictum a. Duis et tellus blandit quam condimentum sagittis. Integer non ornare felis, eget convallis velit. Aenean laoreet a quam ut dignissim. Cras suscipit iaculis pharetra. Cras id neque ut enim elementum condimentum. Integer maximus mauris quis magna tincidunt, vel tristique mauris laoreet. Cras vehicula, sem ut tincidunt aliquet, nisl tellus sollicitudin felis, vel vehicula magna lacus eget ipsum. Suspendisse nunc ante, consectetur volutpat dapibus quis, auctor dapibus nunc. Etiam gravida blandit facilisis. Ut vehicula tincidunt commodo. Sed fringilla nulla at blandit sodales. Nam in tristique mi. Ut est mi, porttitor non nisi non, dapibus egestas ante. Sed interdum ipsum ac mi tempor, ut sagittis lectus placerat. Phasellus viverra finibus diam, id semper velit facilisis vel. Mauris in lacus orci. Nam vehicula diam leo, eu interdum libero luctus et. Sed purus risus, consequat a blandit a, dapibus eu felis. Morbi risus enim, pellentesque id tellus eget, finibus placerat felis. Aenean fermentum vel sem quis sodales. Suspendisse potenti. Proin non pharetra erat. Aliquam commodo nulla vehicula porttitor tempor. Pellentesque quis ipsum at lorem placerat efficitur. Lorem ipsum dolor sit amet, consectetur adipiscing elit. Aenean aliquam vel magna et varius. Nullam sed nisl lectus. Fusce et risus nec purus pulvinar efficitur. Nunc a odio dolor. Cras sodales massa aliquam, facilisis purus sed, lacinia dolor. Etiam dictum vulputate fringilla. Proin tempus ipsum lacinia elit fringilla porttitor. Vestibulum a purus sed tortor semper aliquet. Nunc eget varius magna, non commodo dolor. Praesent consectetur dapibus dui vitae dapibus. Nulla ex justo, mollis quis pulvinar sed, finibus gravida lacus. Sed tempor nulla ut mollis facilisis. Suspendisse potenti. Quisque ante nulla, tristique vel convallis quis, gravida eget ipsum. Nulla aliquam felis vitae mauris volutpat faucibus.</p>
','2015-08-24 21:47:50','2015-08-25 16:32:00','Lorem ipsum dolor sit amet, consectetur adipiscing elit. In bibendum sed dui a hendrerit. Nullam euismod convallis purus a dictum. Integer fermentum elit sem, non aliquam ipsum tincidunt sit amet. Donec eu egestas erat, ac porttitor sem. Curabitur molestie eros purus. Sed sit amet elementum lacus. Aliquam dui leo, cursus posuere tincidunt quis, pharetra non eros. Donec erat felis, elementum sed ex...');
INSERT INTO `posts` VALUES (6,'About CPD Group',1,'about-cpd-group','posts/images/1440452903-about-cpd-group.jpg','<p>Lorem ipsum dolor sit amet, consectetur adipiscing elit. In bibendum sed dui a hendrerit. Nullam euismod convallis purus a dictum. Integer fermentum elit sem, non aliquam ipsum tincidunt sit amet. Donec eu egestas erat, ac porttitor sem. Curabitur molestie eros purus. Sed sit amet elementum lacus. Aliquam dui leo, cursus posuere tincidunt quis, pharetra non eros. Donec erat felis, elementum sed ex eu, mollis sollicitudin mauris. Mauris tincidunt orci sit amet ultrices tincidunt. Maecenas purus sapien, sagittis at velit et, molestie cursus lacus. Duis mauris dui, gravida ut est eget, pretium porta nulla. Suspendisse ut risus porttitor arcu sollicitudin molestie a nec massa. Morbi laoreet a velit at pretium. Pellentesque dictum suscipit enim et fermentum. Nam sed velit placerat, fringilla ex vitae, accumsan magna. Praesent ac magna maximus, fermentum dui vel, consequat felis. In faucibus ligula et ipsum pretium, sed vestibulum orci consequat. Etiam hendrerit, elit ut suscipit consequat, tortor augue eleifend velit, eu sagittis augue sem at massa. Nam eget convallis urna. Vestibulum congue feugiat sem, a facilisis metus dictum a. Duis et tellus blandit quam condimentum sagittis. Integer non ornare felis, eget convallis velit. Aenean laoreet a quam ut dignissim. Cras suscipit iaculis pharetra. Cras id neque ut enim elementum condimentum. Integer maximus mauris quis magna tincidunt, vel tristique mauris laoreet. Cras vehicula, sem ut tincidunt aliquet, nisl tellus sollicitudin felis, vel vehicula magna lacus eget ipsum. Suspendisse nunc ante, consectetur volutpat dapibus quis, auctor dapibus nunc. Etiam gravida blandit facilisis. Ut vehicula tincidunt commodo. Sed fringilla nulla at blandit sodales. Nam in tristique mi. Ut est mi, porttitor non nisi non, dapibus egestas ante. Sed interdum ipsum ac mi tempor, ut sagittis lectus placerat. Phasellus viverra finibus diam, id semper velit facilisis vel. Mauris in lacus orci. Nam vehicula diam leo, eu interdum libero luctus et. Sed purus risus, consequat a blandit a, dapibus eu felis. Morbi risus enim, pellentesque id tellus eget, finibus placerat felis. Aenean fermentum vel sem quis sodales. Suspendisse potenti. Proin non pharetra erat. Aliquam commodo nulla vehicula porttitor tempor. Pellentesque quis ipsum at lorem placerat efficitur. Lorem ipsum dolor sit amet, consectetur adipiscing elit. Aenean aliquam vel magna et varius. Nullam sed nisl lectus. Fusce et risus nec purus pulvinar efficitur. Nunc a odio dolor. Cras sodales massa aliquam, facilisis purus sed, lacinia dolor. Etiam dictum vulputate fringilla. Proin tempus ipsum lacinia elit fringilla porttitor. Vestibulum a purus sed tortor semper aliquet. Nunc eget varius magna, non commodo dolor. Praesent consectetur dapibus dui vitae dapibus. Nulla ex justo, mollis quis pulvinar sed, finibus gravida lacus. Sed tempor nulla ut mollis facilisis. Suspendisse potenti. Quisque ante nulla, tristique vel convallis quis, gravida eget ipsum. Nulla aliquam felis vitae mauris volutpat faucibus.</p>
','2015-08-24 21:48:23','2015-08-25 16:31:51','Lorem ipsum dolor sit amet, consectetur adipiscing elit. In bibendum sed dui a hendrerit. Nullam euismod convallis purus a dictum. Integer fermentum elit sem, non aliquam ipsum tincidunt sit amet. Donec eu egestas erat, ac porttitor sem. Curabitur molestie eros purus. Sed sit amet elementum lacus. Aliquam dui leo, cursus posuere tincidunt quis, pharetra non eros. Donec erat felis, elementum sed...');
INSERT INTO `posts` VALUES (7,'Nổ hàng loạt tại căn cứ quân sự Mỹ ở Nhật Bản',1,'no-hang-loat-tai-can-cu-quan-su-my-o-nhat-ban','posts/images/1440488877-no-hang-loat-tai-can-cu-quan-su-my-o-nhat-ban.jpeg','<p>K&ecirc;nh truyền h&igrave;nh NHK (Nhật Bản) dẫn lời Sở cứu hỏa TP Sagamihara cho biết một đ&aacute;m ch&aacute;y được ph&aacute;t hiện tại nh&agrave; kho căn cứ qu&acirc;n sự kể tr&ecirc;n l&uacute;c 1 giờ ng&agrave;y 24-8. Cư d&acirc;n địa phương n&oacute;i rằng họ nghe thấy nhiều tiếng nổ. Qu&acirc;n đội Mỹ cho hay nh&agrave; kho chứa nhiều xylanh &ocirc;x&iacute;t, c&oacute; thể ch&uacute;ng đ&atilde; bắt lửa g&acirc;y ra hỏa hoạn. Do ngọn lửa kh&ocirc;ng l&acirc;y lan ra b&ecirc;n ngo&agrave;i n&ecirc;n người d&acirc;n xung quanh kh&ocirc;ng cần phải sơ t&aacute;n. Chưa c&oacute; thương vong được b&aacute;o c&aacute;o sau c&aacute;c vụ nổ. Căn cứ n&agrave;y tọa lạc tr&ecirc;n mảnh đất rộng 200 ha, gi&aacute;p khu vực d&acirc;n cư, đường ray xe lửa&hellip; c&aacute;ch thủ đ&ocirc; Tokyo khoảng 40 km nhưng rất vắng vẻ. Hỏa hoạn b&ugrave;ng l&ecirc;n rạng s&aacute;ng 24-8. Ảnh: Youtube, Mirror Hỏa hoạn b&ugrave;ng l&ecirc;n rạng s&aacute;ng 24-8. Ảnh: Youtube, Mirror Người ph&aacute;t ng&ocirc;n Lầu Năm G&oacute;c đ&atilde; x&aacute;c nhận vụ hỏa hoạn, trong khi ph&aacute;t ng&ocirc;n vi&ecirc;n qu&acirc;n đội Mỹ Kevin Toner cho biết nh&agrave; kho kh&ocirc;ng lưu trữ đạn dược hoặc vật liệu ph&oacute;ng xạ cũng như kh&ocirc;ng c&oacute; người ở. Ban ng&agrave;y c&oacute; khoảng 200 người l&agrave;m việc ở đ&acirc;y. Hơn 10 xe cứu hỏa v&agrave; 1 trực thăng được điều đến hiện trường để dập tắt đ&aacute;m ch&aacute;y. Một nh&acirc;n ch&uacute;ng sống gần hiện trường n&oacute;i với k&ecirc;nh NHK: &ldquo;T&ocirc;i đang ngủ v&agrave; l&uacute;c đầu tưởng tiếng sấm s&eacute;t. Một chuỗi c&aacute;c vụ nổ xảy ra trong 10-15 ph&uacute;t. Một cột kh&oacute;i m&agrave;u cam bốc l&ecirc;n bầu trời v&agrave; kh&ocirc;ng kh&iacute; nồng nặc m&ugrave;i thuốc s&uacute;ng&rdquo;. Sagami General Depot trước đ&acirc;y l&agrave; nơi đ&oacute;ng qu&acirc;n của Tiểu đo&agrave;n Hỗ trợ chiến đấu số 35, phụ tr&aacute;ch hậu cần cho qu&acirc;n đội Mỹ, bao gồm cả việc quản l&yacute; h&oacute;a chất v&agrave; đạn dược. Năm 2011, tiểu đo&agrave;n gi&uacute;p ch&iacute;nh phủ Nhật Bản khắc phục hậu quả do trận động đất Tohoku khủng khiếp g&acirc;y ra. Sagami General Depot trước đ&acirc;y l&agrave; nơi đ&oacute;ng qu&acirc;n của Tiểu đo&agrave;n Hỗ trợ chiến đấu số 35. Ảnh: Reuters Sagami General Depot trước đ&acirc;y l&agrave; nơi đ&oacute;ng qu&acirc;n của Tiểu đo&agrave;n Hỗ trợ chiến đấu số 35. Ảnh: Reuters (Theo Người Lao Động)</p>
','2015-08-25 07:47:57','2015-08-25 16:31:42','Kênh truyền hình NHK (Nhật Bản) dẫn lời Sở cứu hỏa TP Sagamihara cho biết một đám cháy được phát hiện tại nhà kho căn cứ quân sự kể trên lúc 1 giờ ngày 24-8. Cư dân địa phương nói rằng họ nghe thấy nhiều tiếng nổ. Quân đội Mỹ cho hay nhà kho chứa nhiều xylanh ôxít, có thể chún...');
INSERT INTO `posts` VALUES (8,'Lorem ipsum dolor sit amet, consectetur adipiscing elit. ',1,'lorem-ipsum-dolor-sit-amet-consectetur-adipiscing-elit','posts/images/1440497186-lorem-ipsum-dolor-sit-amet-consectetur-adipiscing-elit.jpg','<p>Lorem ipsum dolor sit amet, consectetur adipiscing elit. Mauris magna lorem, dapibus a lorem eget, fermentum mattis est. Etiam a nisi ut mi consequat euismod sit amet sit amet nulla. Donec a pellentesque diam, a mattis est. Ut egestas sem eu justo tempor, id dictum mauris posuere. Nam arcu arcu, vulputate et lectus ultrices, sodales gravida velit. Donec laoreet molestie ligula, at blandit ligula gravida ut. Morbi in mauris scelerisque eros fermentum efficitur et facilisis ipsum. Aenean a sapien elementum, cursus mi at, aliquet eros. Ut rutrum lobortis orci, sit amet varius turpis rutrum ut. Cras fringilla nisl quis quam dapibus rhoncus. Class aptent taciti sociosqu ad litora torquent per conubia nostra, per inceptos himenaeos. Donec gravida a nisi non scelerisque. Nam fermentum quam vitae fringilla vestibulum. Nullam blandit magna a convallis sagittis. Etiam rutrum, elit posuere feugiat molestie, tellus arcu fringilla dui, non ultrices nunc magna ac eros.</p>

<p>Donec maximus sem vitae dapibus mattis. Donec lacus ipsum, aliquet vel diam nec, ornare pharetra justo. Integer aliquet ornare consectetur. Nullam rutrum, sapien quis efficitur aliquam, lectus justo fringilla quam, vitae placerat ex lacus et magna. Vestibulum tristique dui purus, ac commodo ante condimentum at. Nam vulputate dui non commodo hendrerit. Nunc ac ultricies lacus, in porttitor metus. Maecenas ac justo quis sapien viverra posuere nec eu sem.</p>

<p>Etiam tempor nunc et ullamcorper lobortis. Pellentesque lacus dolor, euismod et velit ut, porttitor bibendum eros. Integer eget ultricies dolor. Fusce a dolor in leo hendrerit dignissim. Phasellus mauris turpis, pellentesque vitae sollicitudin nec, aliquam nec ex. Maecenas sagittis libero eget ligula sollicitudin molestie. Nulla pharetra odio eget odio eleifend malesuada. Sed in metus purus. Nulla sed ornare odio. Phasellus pellentesque ultricies sapien, sed aliquet orci pellentesque non. Donec consectetur ligula aliquet, ultrices arcu id, auctor velit. Vestibulum nunc libero, ultricies at bibendum sit amet, faucibus ac tortor. Etiam efficitur auctor sagittis. Aenean in ultricies tortor.</p>

<p>Integer pulvinar leo in luctus sagittis. Etiam a arcu ligula. Nunc non viverra est. Sed eget fermentum nibh, maximus iaculis ligula. Nulla tincidunt sapien eget diam iaculis sodales. Vestibulum ante ipsum primis in faucibus orci luctus et ultrices posuere cubilia Curae; Suspendisse id nisi tortor. Praesent sed accumsan nulla. Morbi sem risus, rhoncus sed maximus ut, pretium eu est. Praesent sagittis neque urna, venenatis tempor neque euismod sed. Nunc ultricies pulvinar lacus, non viverra libero aliquam sit amet. Morbi nec turpis dapibus, consequat lectus in, vestibulum libero. Etiam posuere, tortor dignissim rutrum consequat, tortor nibh tempor felis, sit amet pharetra est metus non odio. Etiam viverra lectus enim, at maximus ipsum consequat vitae. Donec viverra, odio et tincidunt pharetra, lectus augue consequat purus, finibus cursus odio elit egestas nisi.</p>

<p>Proin a viverra mi, ac auctor ipsum. In facilisis orci in dolor semper, a fringilla eros egestas. Aenean vel arcu purus. Aliquam erat volutpat. Sed hendrerit nisl sit amet porta vehicula. Morbi ac dictum libero. Pellentesque in lacinia eros. Phasellus sit amet nunc venenatis, feugiat elit nec, placerat quam. Nunc in vulputate urna. Suspendisse venenatis viverra nibh vel hendrerit.</p>
','2015-08-25 10:06:26','2015-08-25 16:31:37','Lorem ipsum dolor sit amet, consectetur adipiscing elit. Mauris magna lorem, dapibus a lorem eget, fermentum mattis est. Etiam a nisi ut mi consequat euismod sit amet sit amet nulla. Donec a pellentesque diam, a mattis est. Ut egestas sem eu justo tempor, id dictum mauris posuere. Nam arcu arcu, vulputate et lectus ultrices, sodales gravida velit. Donec laoreet molestie ligula, at blandit ligul...');
INSERT INTO `posts` VALUES (9,'Lorem ipsum dolor sit amet, consectetur adipiscing elit.',1,'pjxg6l-lorem-ipsum-dolor-sit-amet-consectetur-adipiscing-elit','posts/images/1440497225-lorem-ipsum-dolor-sit-amet-consectetur-adipiscing-elit.jpg','<p>Lorem ipsum dolor sit amet, consectetur adipiscing elit. Mauris magna lorem, dapibus a lorem eget, fermentum mattis est. Etiam a nisi ut mi consequat euismod sit amet sit amet nulla. Donec a pellentesque diam, a mattis est. Ut egestas sem eu justo tempor, id dictum mauris posuere. Nam arcu arcu, vulputate et lectus ultrices, sodales gravida velit. Donec laoreet molestie ligula, at blandit ligula gravida ut.</p>
','2015-08-25 10:07:04','2015-08-25 10:43:53','Lorem ipsum dolor sit amet, consectetur adipiscing elit. Mauris magna lorem, dapibus a lorem eget, fermentum mattis est. Etiam a nisi ut mi consequat euismod sit amet sit amet nulla. Donec a pellentesque diam, a mattis est. Ut egestas sem eu justo tempor, id dictum mauris posuere. Nam arcu arcu, vulputate et lectus ultrices, sodales gravida velit. Donec laoreet molestie ligula, at blandit ligul...');
CREATE TABLE "password_resets" ("email" varchar not null, "token" varchar not null, "created_at" datetime not null);
CREATE TABLE "migrations" ("migration" varchar not null, "batch" integer not null);
INSERT INTO `migrations` VALUES ('2014_10_12_000000_create_users_table',1);
INSERT INTO `migrations` VALUES ('2014_10_12_100000_create_password_resets_table',1);
INSERT INTO `migrations` VALUES ('2015_08_24_204500_create_posts_table',2);
INSERT INTO `migrations` VALUES ('2015_08_25_081844_add_description_columm_to_posts_table',3);
INSERT INTO `migrations` VALUES ('2015_08_25_101806_create_categories_table',4);
INSERT INTO `migrations` VALUES ('2015_08_25_102330_create_category_post_table',5);
INSERT INTO `migrations` VALUES ('2015_08_25_161014_add_description_column_to_categories_table',6);
INSERT INTO `migrations` VALUES ('2015_08_25_162310_add_slug_column_to_categories_table',7);
CREATE TABLE "category_post" ("post_id" integer not null, "category_id" integer not null, foreign key("post_id") references "posts"("id") on delete cascade, foreign key("category_id") references "categories"("id") on delete cascade);
INSERT INTO `category_post` VALUES (9,1);
INSERT INTO `category_post` VALUES (9,2);
INSERT INTO `category_post` VALUES (9,3);
INSERT INTO `category_post` VALUES (8,2);
INSERT INTO `category_post` VALUES (8,3);
INSERT INTO `category_post` VALUES (7,1);
INSERT INTO `category_post` VALUES (6,2);
INSERT INTO `category_post` VALUES (6,3);
INSERT INTO `category_post` VALUES (5,3);
INSERT INTO `category_post` VALUES (2,2);
CREATE TABLE "categories" ("id" integer not null primary key autoincrement, "name" varchar not null, "created_at" datetime not null, "updated_at" datetime not null, "description" text null, "slug" varchar null);
INSERT INTO `categories` VALUES (1,'PHP','2015-08-25 10:33:11','2015-08-25 16:30:12','Tài liệu học tập về PHP','php');
INSERT INTO `categories` VALUES (2,'Laravel','2015-08-25 10:33:53','2015-08-25 16:30:13','Tài liệu học tập về Laravel','laravel');
INSERT INTO `categories` VALUES (3,'NodeJS','2015-08-25 16:15:29','2015-08-25 16:30:13','Tài liệu học tập về NodeJS','nodejs');
CREATE UNIQUE INDEX users_email_unique on "users" ("email");
CREATE INDEX password_resets_token_index on "password_resets" ("token");
CREATE INDEX password_resets_email_index on "password_resets" ("email");
COMMIT;
